Peak WSPG,Draft Year,Name,Pick,Draft Age,Year,Position,Height (cm),Weight (lbs),Height/Weight Ratio,Games,Field Goals Per Game,Field Goal Attempts Per Game,Field Goal Percentage,2-Point Field Goals Per Game,2-Point Field Goal Attempts Per Game,2-Point Field Goal Percentage,3-Point Field Goals Per Game,3-Point Field Goal Attempts Per Game,3-Point Field Goal Percentage,Free Throws Per Game,Free Throw Attempts Per Game,Free Throw Percentage,Total Rebounds Per Game,Assists Per Game,Steals Per Game,Blocks Per Game,Points Per Game,Strength of Schedule,True Shooting Percentage,Effective Field Goal Percentage,3 Point Attempt Rate,Free Throw Attempt Rate,Offensive Win Shares,Defensive Win Shares,Win Shares
10.44378109,1996,Allen Iverson,1,21,1996,Guard,183,165,1.109090909,37,8.4,17.6,0.48,6.1,11.1,0.546,2.4,6.4,0.366,5.8,8.6,0.678,3.8,4.7,3.4,0.4,25,9.83,0.578,0.547,0.366,0.488,5.1,3.5,8.6
8.670491803,1996,Stephon Marbury,4,19.33333333,1996,Guard,188,180,1.044444444,36,6.5,14.3,0.457,4.1,7.7,0.533,2.4,6.6,0.37,3.4,4.6,0.738,3.1,4.5,1.8,0.1,18.9,12.71,0.574,0.543,0.463,0.319,3.5,0.8,4.3
11.50815451,1996,Ray Allen,5,20.91666667,1996,Guard,196,205,0.956097561,35,8.3,17.7,0.472,5.1,10.6,0.477,3.3,7.1,0.466,3.4,4.2,0.81,6.5,3.3,1.7,0.5,23.4,8.19,0.595,0.566,0.4,0.238,5,3.3,8.3
4.935185185,1996,Kerry Kittles,8,22,1996,Guard,196,179,1.094972067,30,7.2,15.8,0.455,4.6,9.4,0.489,2.6,6.4,0.404,3.4,4.8,0.71,7.1,3.5,2.4,0.4,20.4,11.46,0.564,0.537,0.406,0.305,3.2,2.4,5.6
6.125301205,1996,Steve Nash,15,22.33333333,1996,Guard,190,195,0.974358974,29,5.7,13.1,0.43,3.5,6.8,0.51,2.2,6.3,0.344,3.5,3.9,0.894,3.6,6,1.3,0,17,4.09,0.566,0.513,0.48,0.297,2.8,1.6,4.4
1.289308176,1996,Tony Delk,16,22.41666667,1996,Guard,185,189,0.978835979,36,6.4,12.9,0.494,3.8,7.1,0.535,2.6,5.8,0.443,2.4,3.1,0.8,4.2,1.8,1.9,0.4,17.8,10.06,0.619,0.594,0.453,0.237,4,2.4,6.4
3.656756757,1996,Derek Fisher,24,21.83333333,1996,Guard,185,200,0.925,30,4.3,10.4,0.41,2.6,6.1,0.429,1.7,4.3,0.385,4.2,5.6,0.746,5.2,5.1,1.9,0.1,14.5,-1.03,0.554,0.49,0.417,0.542,2.1,2.1,4.2
4.303546099,1996,Jeff McInnis,37,21.66666667,1996,Guard,193,190,1.015789474,31,5.7,13.2,0.435,3.6,7.7,0.466,2.2,5.5,0.392,2.8,3.5,0.8,2.6,5.5,1.2,0,16.5,11.42,0.554,0.517,0.418,0.269,2.4,0.9,3.3
1.482978723,1996,Randy Livingston,42,21.16666667,1996,Guard,193,209,0.923444976,13,1.8,6.4,0.289,1.8,4.8,0.365,0.1,1.5,0.05,2.3,2.9,0.789,2.3,5.3,2.1,0.2,6.1,5.14,0.391,0.295,0.241,0.458,-0.3,0.5,0.2
0,1996,Marcus Brown,46,22.16666667,1996,Guard,190,185,1.027027027,29,8.8,18.5,0.474,6.2,12.4,0.499,2.6,6,0.423,6.4,7.6,0.841,4.8,4.1,2.2,0.3,26.4,-3.01,0.599,0.543,0.326,0.41,4.7,1.8,6.5
0.396774194,1996,Reggie Geary,56,22.83333333,1996,Guard,188,187,1.005347594,33,3.3,7.6,0.432,1.9,4,0.474,1.4,3.5,0.385,1.9,2.6,0.733,3.6,7,2,0.7,9.8,8.42,0.557,0.522,0.468,0.344,1.7,2.2,3.8
0.82,1996,Drew Barry,57,23.33333333,1996,Guard,196,191,1.02617801,36,4.1,10.2,0.406,2,4.4,0.456,2.1,5.8,0.368,2.9,3.7,0.789,4.6,6.6,1.8,0.4,13.3,12.71,0.558,0.511,0.569,0.362,2.3,1.1,3.4
7.460944206,1997,Chauncey Billups,3,20.75,1997,Guard,190,202,0.940594059,29,5.2,12.7,0.413,2.7,6.2,0.425,2.6,6.4,0.401,6.1,7.1,0.854,4.9,4.8,2.1,0.1,19.1,6.24,0.596,0.515,0.508,0.56,3.7,2.1,5.8
5.765065502,1997,Antonio Daniels,4,22.25,1997,Guard,193,195,0.98974359,32,8.7,15.9,0.547,7.3,12.7,0.576,1.4,3.3,0.433,5.1,6.6,0.777,2.8,6.8,2.3,0.3,24,1.56,0.628,0.591,0.204,0.414,5.4,1.5,6.9
2.78128655,1997,Brevin Knight,16,21.58333333,1997,Guard,178,173,1.028901734,30,4.6,11.4,0.408,3.1,7.7,0.407,1.5,3.7,0.409,5.5,6.6,0.834,3.7,7.8,2.8,0.1,16.3,9.05,0.561,0.474,0.323,0.584,2.6,2.6,5.2
0,1997,Anthony Parker,21,22,1997,Guard,198,215,0.920930233,21,5.2,12.2,0.424,3.8,7.5,0.51,1.4,4.8,0.29,4.8,6.7,0.721,5.3,3.4,1.8,0.5,16.6,3.39,0.538,0.481,0.389,0.545,1.7,1.4,3.1
0,1997,Ed Gray,22,21.75,1997,Guard,190,210,0.904761905,26,8.6,18.7,0.461,7.2,13.8,0.517,1.5,4.8,0.302,6.1,7.7,0.79,4,2.2,1.7,0.2,24.8,10.03,0.554,0.5,0.259,0.412,3.1,1.4,4.5
1.202094241,1997,Bobby Jackson,23,24.25,1997,Guard,185,185,1,35,5.5,12.4,0.441,4.6,9.6,0.476,0.9,2.8,0.32,3.5,4.4,0.786,6.1,4,2.1,0.2,15.3,9.2,0.528,0.477,0.224,0.356,2.1,3.4,5.4
2.733333333,1997,Charles Smith,26,21.83333333,1997,Guard,193,194,0.994845361,33,6.2,13.5,0.457,4.1,7.9,0.519,2,5.5,0.368,3.2,4.2,0.748,5.5,2.8,1.5,0.8,17.5,3.67,0.566,0.533,0.41,0.313,3.2,2.3,5.4
2.338016529,1997,Jacque Vaughn,27,22.33333333,1997,Guard,185,190,0.973684211,26,3,7.1,0.427,2.3,5,0.466,0.7,2.1,0.333,3.4,4.3,0.779,2.4,6.2,1.8,0.2,10.2,7.94,0.553,0.476,0.292,0.611,1.4,1.7,3.1
0,1997,James Cotton,32,21.5,1997,Guard,196,220,0.890909091,27,7.3,16.5,0.439,4.9,10.2,0.484,2.3,6.3,0.368,6.6,8,0.833,5,2.6,1.3,0.3,23.5,-1.22,0.578,0.51,0.383,0.482,3.6,0.9,4.5
0,1997,James Collins,36,23.58333333,1997,Guard,193,196,0.984693878,31,5.9,12.8,0.458,3.5,6.3,0.552,2.4,6.5,0.369,2.4,3.6,0.67,5.1,2.8,1.8,0.5,16.6,9.73,0.571,0.553,0.511,0.282,2.9,2.1,5
0.62278481,1997,Anthony Johnson,39,22.66666667,1997,Guard,190,190,1,32,4.9,9.8,0.505,4,7.5,0.536,0.9,2.3,0.405,3.1,3.9,0.794,3.5,7.2,1.6,0.3,13.9,-6.85,0.598,0.553,0.236,0.403,3.1,2.3,5.4
0,1997,God Shammgod,45,21.16666667,1997,Guard,183,169,1.082840237,36,3.5,8,0.441,3.2,6.5,0.494,0.3,1.5,0.208,3.5,5.2,0.665,2.3,6.6,2.4,0.1,10.8,8.32,0.517,0.46,0.184,0.653,1.5,2,3.6
3.332620321,1997,Alvin Williams,47,22.83333333,1997,Guard,196,185,1.059459459,34,5.8,12.1,0.481,4,7.1,0.56,1.9,5,0.368,3.6,4.8,0.742,5,3.8,1.8,0.4,17.1,9.45,0.593,0.557,0.415,0.396,3.7,1.7,5.5
0.5125,1997,DeJuan Wheat,51,23.66666667,1997,Guard,183,165,1.109090909,35,5.5,13,0.425,2.7,5.2,0.527,2.8,7.8,0.357,3.5,4.8,0.743,2.2,4.3,1.9,0.1,17.3,7.76,0.569,0.532,0.599,0.368,3.3,1.2,4.6
8.842396313,1998,Mike Bibby,2,20.08333333,1998,Guard,185,190,0.973684211,35,6,12.9,0.464,3.8,7.2,0.526,2.2,5.7,0.387,3.1,4.1,0.755,3,5.7,2.4,0.2,17.2,8.38,0.582,0.55,0.442,0.318,3.2,2.2,5.3
2.279820628,1998,Jason Williams,7,22.58333333,1998,Guard,185,190,0.973684211,20,5.6,12.7,0.441,2.9,6,0.483,2.7,6.7,0.403,3.2,3.8,0.84,3,6.7,2.7,0.2,17.1,6.42,0.589,0.547,0.528,0.295,2.1,0.7,2.8
6.594708995,1998,Larry Hughes,8,19.41666667,1998,Guard,196,184,1.065217391,32,7,16.9,0.415,5.7,12.3,0.461,1.3,4.5,0.29,5.6,8.1,0.692,5.1,2.4,2.2,0.4,20.9,5.51,0.505,0.454,0.269,0.481,1.8,2.5,4.3
0.425974026,1998,Bryce Drew,16,23.75,1998,Guard,188,185,1.016216216,31,6.7,14.9,0.45,3.7,7.9,0.465,3,7,0.433,3.3,4.2,0.792,4.2,5,1.7,0.1,19.8,-2.66,0.585,0.552,0.47,0.281,3.8,1.3,5.1
2.881081081,1998,Tyronn Lue,23,21.08333333,1998,Guard,183,175,1.045714286,32,7.5,17.1,0.439,5.1,10.6,0.479,2.4,6.5,0.373,3.8,4.5,0.828,4.3,4.8,2,0.1,21.2,5.63,0.55,0.51,0.382,0.265,3.2,1.7,4.9
1.261538462,1998,Felipe Lopez,24,23.5,1998,Guard,196,199,0.984924623,32,6.4,14.9,0.431,4.6,9.4,0.487,1.9,5.6,0.337,2.8,4.9,0.573,4.8,2.7,1.2,0.8,17.6,6.76,0.509,0.494,0.372,0.328,1.5,2.2,3.7
0,1998,Corey Benjamin,28,20.33333333,1998,Guard,198,200,0.99,25,7.4,13.7,0.539,6.2,9.8,0.639,1.2,4,0.293,3.9,5.4,0.713,5,2.2,1.9,0.7,19.8,6.25,0.608,0.582,0.289,0.397,3.4,1.3,4.7
2.17654321,1998,Shammond Williams,34,23.16666667,1998,Guard,185,201,0.92039801,38,5.5,11.3,0.488,3.2,5.6,0.577,2.3,5.7,0.4,3.5,3.8,0.911,3.2,4.2,1,0.1,16.8,10.38,0.64,0.589,0.502,0.341,4.9,1.6,6.6
1.346268657,1998,Rafer Alston,39,21.91666667,1998,Guard,188,171,1.099415205,33,3.8,9.4,0.401,1.8,3.4,0.513,2,5.9,0.337,1.5,2,0.758,2.2,7.3,2.1,0.4,11,5.48,0.535,0.508,0.634,0.214,1.4,1.7,3.1
6.693162393,1998,Cuttino Mobley,41,22.75,1998,Guard,193,190,1.015789474,34,5.7,11.8,0.48,3.6,6.9,0.525,2,4.9,0.416,3.9,4.5,0.856,4.3,2.6,1.6,0.5,17.2,6.43,0.617,0.566,0.413,0.381,4,1.7,5.7
0,1998,Miles Simon,42,22.58333333,1998,Guard,190,202,0.940594059,35,5.7,12,0.476,4.1,7.6,0.54,1.6,4.4,0.368,4.1,5.3,0.778,3.5,3.5,1.3,0.1,17.2,8.38,0.592,0.544,0.369,0.44,3.3,1.5,4.7
0,1998,Tyson Wheeler,47,22.66666667,1998,Guard,178,165,1.078787879,34,5.1,12.6,0.402,2.4,5.3,0.458,2.7,7.4,0.363,2.1,3.2,0.648,2.6,6,1.3,0.1,14.9,6.43,0.527,0.508,0.584,0.251,1.9,1.3,3.2
0,1998,Cory Carr,49,22.5,1998,Guard,190,210,0.904761905,27,7.7,18.3,0.423,5.3,11,0.48,2.5,7.3,0.338,5.3,6.1,0.861,4.9,2.6,1.1,0.3,23.3,5.34,0.548,0.491,0.401,0.336,2.6,0.4,3
0.673972603,1998,Derrick Dial,52,22.5,1998,Guard,193,184,1.048913043,29,7.7,15.8,0.484,4.9,9,0.548,2.7,6.8,0.399,2.9,3.7,0.785,6.7,2.3,1.3,0.9,20.9,2.67,0.595,0.57,0.431,0.233,3.5,1.6,5.1
3.88974359,1998,Greg Buckner,53,21.75,1998,Guard,193,210,0.919047619,32,6.4,11.9,0.537,5.8,10.1,0.575,0.6,1.8,0.328,2.9,4.2,0.696,4.1,2.6,1.6,0.3,16.3,10.34,0.587,0.562,0.153,0.355,3.3,1.9,5.1
8.540092166,1999,Steve Francis,2,22.33333333,1999,Guard,190,195,0.974358974,34,6,11.5,0.523,4.7,8.1,0.58,1.3,3.4,0.388,3.6,4.6,0.79,4.5,4.5,2.8,0.2,17,9.1,0.62,0.58,0.296,0.401,4.1,2.5,6.5
8.003592814,1999,Baron Davis,3,20.16666667,1999,Guard,190,209,0.909090909,27,5.6,11.6,0.481,4.3,7.8,0.548,1.3,3.8,0.343,3.5,5.8,0.599,3.6,5.1,2.5,0.4,15.9,8.84,0.555,0.537,0.327,0.503,2.1,2.1,4.2
7.922033898,1999,Richard Hamilton,7,21.33333333,1999,Guard,198,185,1.07027027,34,7.3,16.4,0.443,5.3,10.6,0.496,2,5.8,0.347,5,6,0.833,4.8,2.7,1.2,0.3,21.5,8.8,0.56,0.504,0.352,0.366,3.8,2.5,6.4
7.209166667,1999,Jason Terry,10,21.75,1999,Guard,188,176,1.068181818,29,7.2,16.3,0.443,4.6,9.7,0.473,2.6,6.6,0.398,4.9,5.8,0.839,3.3,5.5,2.8,0.2,21.9,8.31,0.575,0.523,0.405,0.356,3.4,1.6,5
1.955963303,1999,Trajan Langdon,11,23.08333333,1999,Guard,190,197,0.964467005,36,5.3,11.5,0.462,2.2,4.4,0.497,3.1,7.1,0.441,3.6,4.2,0.842,3.4,1.9,1.4,0.1,17.3,10.13,0.641,0.598,0.615,0.368,4.5,1.8,6.3
0,1999,William Avery,14,19.83333333,1999,Guard,188,197,0.954314721,39,5.2,10.4,0.495,3.2,5.7,0.566,1.9,4.7,0.411,2.6,3.2,0.81,3.5,5,1.5,0,14.9,10.13,0.623,0.589,0.456,0.31,4,2.3,6.3
7.838235294,1999,Metta World Peace,16,19.58333333,1999,Guard,198,244,0.81147541,37,5.3,11.3,0.469,3.7,7.1,0.525,1.6,4.2,0.374,2.3,3.6,0.644,6.3,4.2,2.1,1.2,14.5,9.09,0.556,0.538,0.371,0.316,2.7,5.1,7.8
2.103947368,1999,Dion Glover,20,20.66666667,1999,Guard,196,228,0.859649123,33,6.7,15.2,0.441,5.4,10.2,0.525,1.4,5,0.271,3.6,5.6,0.64,5,2.6,2.1,0.2,18.4,8.7,0.514,0.486,0.33,0.37,1.7,1.7,3.4
0.529032258,1999,Vonteego Cummings,26,23.33333333,1999,Guard,190,185,1.027027027,26,5.9,14.3,0.411,4.3,9.5,0.452,1.6,4.8,0.331,2.8,4,0.699,4.1,4.3,2.7,0.4,16.1,7.22,0.498,0.466,0.333,0.277,1,1.3,2.3
0,1999,John Celestand,30,22.25,1999,Guard,193,178,1.084269663,31,4.9,11.2,0.437,3,6.3,0.479,1.9,5,0.383,3.2,4,0.798,3.1,4.4,1.3,0.3,14.9,7.89,0.568,0.522,0.443,0.356,2.5,1.1,3.6
0.585714286,1999,Chris Herren,33,23.75,1999,Guard,188,197,0.954314721,25,3.6,8.9,0.408,1.9,4.3,0.435,1.8,4.6,0.383,2.3,3.4,0.682,1.6,7.2,1,0,11.4,3.66,0.539,0.507,0.516,0.381,1.2,0.6,1.9
0,1999,Ryan Robertson,45,22.66666667,1999,Guard,196,190,1.031578947,33,4.1,9.4,0.439,2.6,5.2,0.494,1.5,4.2,0.37,3.1,3.5,0.871,4,3.2,1.7,0.4,12.8,9.1,0.581,0.521,0.445,0.374,2.6,2.2,4.8
2.05,2000,DerMarr Johnson,6,20.08333333,2000,Guard,206,201,1.024875622,32,4.4,9.2,0.478,2.8,4.8,0.575,1.6,4.4,0.371,2.2,3,0.737,3.8,1.4,1,0.9,12.6,8.5,0.594,0.567,0.478,0.324,2.6,2.2,4.8
4.651923077,2000,Jamal Crawford,8,20.25,2000,Guard,198,185,1.07027027,17,6.2,15,0.412,4.2,9.1,0.468,1.9,5.9,0.327,2.4,3,0.784,2.8,4.5,1.1,0.9,16.6,9.27,0.507,0.476,0.396,0.2,0.7,0.2,0.9
2.028421053,2000,Keyon Dooling,10,20.08333333,2000,Guard,190,196,0.969387755,31,4.7,12,0.389,2.8,6.5,0.424,1.9,5.5,0.347,4,5.4,0.743,2.7,3.6,1.4,0.5,15.3,8.22,0.523,0.468,0.456,0.448,1.7,1.6,3.3
2.218032787,2000,Courtney Alexander,13,23.16666667,2000,Guard,196,205,0.956097561,27,9.3,20.9,0.447,7.2,14.4,0.499,2.1,6.5,0.331,4,5.1,0.781,4.7,3.5,1.4,0.1,24.8,3.58,0.532,0.498,0.31,0.243,2.3,0.8,3
0,2000,Mateen Cleaves,14,22.75,2000,Guard,188,205,0.917073171,26,4.2,10,0.421,3,6.7,0.443,1.2,3.3,0.376,2.5,3.3,0.756,1.8,6.9,1.4,0.2,12.1,9.91,0.525,0.483,0.328,0.332,1.4,1.8,3.2
4.909210526,2000,Speedy Claxton,20,22.08333333,2000,Guard,180,166,1.084337349,31,8.2,17.4,0.47,6.5,13,0.5,1.6,4.3,0.381,4.8,6.3,0.764,5.4,6,3.3,0.2,22.8,-6.03,0.56,0.518,0.249,0.362,3.8,3.2,7
0,2000,Erick Barkley,28,22.33333333,2000,Guard,185,177,1.04519774,28,5.7,14.3,0.398,3.9,8.6,0.454,1.8,5.7,0.313,2.9,4.4,0.664,3,4.5,3,0.3,16,6.96,0.49,0.46,0.4,0.305,1,0.8,1.7
0,2000,A.J. Guyton,32,22.33333333,2000,Guard,185,180,1.027777778,29,7,15.3,0.459,4.6,9.4,0.485,2.5,5.9,0.419,3.1,3.9,0.789,3.1,2.3,1,0.4,19.7,10.22,0.572,0.541,0.387,0.257,3.1,1.2,4.3
0,2000,Khalid El-Amin,34,21.16666667,2000,Guard,178,200,0.89,35,5.6,13.6,0.411,3.8,8.5,0.443,1.8,5.1,0.356,3.1,3.4,0.892,3.1,5.2,1.7,0.1,16,7.58,0.526,0.477,0.373,0.253,2.2,2.2,4.4
0,2000,Mike Smith,35,24.16666667,2000,Guard,203,195,1.041025641,28,6.7,15.8,0.424,4,7.8,0.511,2.7,7.9,0.338,4,5,0.801,9.4,3.4,1.5,0.9,20.1,-5.85,0.553,0.509,0.503,0.32,2.6,2.1,4.6
1.433879781,2000,Eddie House,37,22.08333333,2000,Guard,185,180,1.027777778,32,8.2,19.5,0.422,5.9,13.2,0.449,2.3,6.3,0.365,4.3,5.1,0.835,5.5,3.5,2.3,0.1,23,8.75,0.525,0.481,0.321,0.263,2.4,2.1,4.5
9.237974684,2000,Michael Redd,43,20.83333333,2000,Guard,198,220,0.9,30,6.6,15.1,0.436,5.4,11.5,0.474,1.1,3.6,0.315,3,3.9,0.776,6.5,2.1,1.2,0.2,17.3,6.55,0.511,0.473,0.239,0.257,1.6,2.4,4
4.325984252,2000,Jason Hart,49,22.16666667,2000,Guard,190,185,1.027027027,32,3.9,9.5,0.411,2.7,5.9,0.46,1.2,3.6,0.33,2.9,4,0.734,3,6.5,1.8,0.1,11.9,6.2,0.524,0.474,0.378,0.421,1.6,2,3.6
6.626262626,2001,Jason Richardson,5,20.41666667,2001,Guard,198,220,0.9,33,5.5,11,0.503,4,7.3,0.554,1.5,3.7,0.402,2.2,3.2,0.689,5.9,2.2,1.2,0.8,14.7,9.54,0.589,0.57,0.337,0.293,2.9,3.3,6.3
0,2001,Joseph Forte,21,20.25,2001,Guard,193,194,0.994845361,33,7.6,16.9,0.45,5.9,12.5,0.476,1.7,4.4,0.377,4,4.7,0.853,6.1,3.5,2,0.4,20.9,11.77,0.546,0.499,0.262,0.28,2.7,2.1,4.8
0,2001,Jeryl Sasser,22,22.33333333,2001,Guard,198,200,0.99,29,5.9,14.9,0.394,4.7,10.7,0.437,1.2,4.2,0.287,4,5.6,0.718,8.3,0.8,1.4,0.6,17,3.95,0.484,0.435,0.283,0.378,0.5,2.4,2.9
0,2001,Brandon Armstrong,23,21,2001,Guard,196,188,1.042553191,31,7.7,17.3,0.447,5.3,10.9,0.484,2.5,6.4,0.384,4.1,5,0.826,3.3,1.5,1.5,0.2,22.1,1.77,0.56,0.518,0.369,0.289,3.2,1.6,4.8
5.416969697,2001,Jamaal Tinsley,27,23.33333333,2001,Guard,190,195,0.974358974,31,4.5,11.2,0.399,3.3,8.1,0.406,1.2,3.1,0.381,4.1,6,0.692,3.8,6,2.5,0.6,14.3,4.87,0.508,0.453,0.279,0.532,1.2,2.8,4
12.2754491,2001,Gilbert Arenas,31,19.41666667,2001,Guard,190,191,0.994764398,36,5.8,12.1,0.479,3.9,7.4,0.519,1.9,4.6,0.416,2.7,3.7,0.724,3.6,2.3,1.8,0.2,16.2,12.56,0.585,0.559,0.382,0.309,3.2,2.3,5.5
0,2001,Omar Cook,32,19.41666667,2001,Guard,185,190,0.973684211,29,4.9,13.5,0.36,2.5,5.9,0.424,2.3,7.6,0.309,3.3,4.4,0.742,3,8.7,2.3,0.2,15.3,8.27,0.491,0.446,0.561,0.327,0.8,2.4,3.2
0,2001,Will Solomon,33,22.91666667,2001,Guard,185,185,1,30,6.1,15.4,0.397,2.9,7,0.421,3.2,8.4,0.377,4.3,5.5,0.788,2.9,3.4,1.4,0.3,19.7,8.31,0.548,0.5,0.547,0.358,2.4,0.5,2.9
0,2001,Jeff Trepagnier,36,21.91666667,2001,Guard,193,200,0.965,21,3.4,7.6,0.453,3,6,0.512,0.4,1.6,0.235,1.8,2.9,0.607,5.1,1.6,1.5,1,9,10.83,0.503,0.478,0.214,0.384,0.4,1.2,1.6
2.413852814,2001,Earl Watson,40,22,2001,Guard,185,195,0.948717949,32,5.4,10.9,0.493,4.2,7.5,0.556,1.2,3.4,0.352,2.8,4.4,0.636,3.7,5.2,1.9,0.3,14.7,12.06,0.567,0.547,0.309,0.401,2.3,1.7,4
0,2001,Jamison Brewer,41,20.58333333,2001,Guard,193,184,1.048913043,32,3,6.5,0.469,2.7,5.1,0.534,0.3,1.4,0.227,2,3.8,0.529,7.2,5.8,1.5,0.1,8.4,7.13,0.507,0.493,0.213,0.585,0.7,2.2,2.9
0,2001,Kenny Satterfield,54,20.16666667,2001,Guard,188,186,1.010752688,35,4.7,12,0.387,3.3,7.9,0.415,1.4,4.1,0.333,3.7,4.7,0.788,4.7,5.1,1.7,0.2,14.4,7.84,0.505,0.444,0.342,0.392,1.3,3.3,4.6
0,2002,Jay Williams,2,20.75,2002,Guard,188,195,0.964102564,35,7.1,15.6,0.457,4,7.5,0.536,3.1,8.1,0.383,4,5.9,0.676,3.5,5.3,2.2,0.1,21.3,9.16,0.58,0.556,0.517,0.38,3.9,2.4,6.3
0,2002,Dajuan Wagner,6,19.33333333,2002,Guard,188,200,0.94,36,7.4,18,0.41,5.5,12.2,0.453,1.8,5.8,0.317,4.6,6.4,0.722,2.5,3.6,1.2,0.6,21.2,4.72,0.504,0.461,0.321,0.355,1.7,2.4,4.1
4.136283186,2002,Fred Jones,14,23.25,2002,Guard,193,210,0.919047619,35,6.1,11.8,0.521,4.7,7.9,0.594,1.5,3.9,0.372,4.8,5.5,0.871,5.4,3.2,1.8,0.5,18.6,6.93,0.643,0.582,0.332,0.47,4.6,2,6.6
1.630681818,2002,Juan Dixon,17,23.66666667,2002,Guard,190,164,1.158536585,36,7,14.9,0.469,4.4,8.4,0.525,2.6,6.4,0.397,3.9,4.4,0.898,4.6,2.9,2.6,0.2,20.4,9.38,0.603,0.555,0.434,0.293,4.3,2.5,6.8
-0.464150943,2002,Casey Jacobsen,22,21.25,2002,Guard,198,215,0.920930233,30,6.8,15.5,0.441,4.7,9.8,0.481,2.1,5.7,0.372,6.1,7.9,0.776,4.5,3.5,0.6,0.1,21.9,9.03,0.57,0.51,0.37,0.51,3.2,1.2,4.4
0,2002,Frank Williams,25,22.33333333,2002,Guard,190,212,0.896226415,35,5,12.7,0.393,3.4,8.1,0.423,1.5,4.5,0.34,4.7,5.8,0.808,4.7,4.4,2,0.3,16.2,9.94,0.525,0.454,0.359,0.458,1.9,1.9,3.8
1.964976959,2002,John Salmons,26,22.5,2002,Guard,201,210,0.957142857,32,4.3,9.3,0.461,3.6,7.1,0.509,0.7,2.2,0.31,3.8,4.6,0.842,6,6.1,1.8,0.6,13.1,5.52,0.572,0.498,0.239,0.492,2.4,2.5,4.9
1.75,2002,Dan Dickau,28,23.75,2002,Guard,183,190,0.963157895,32,6.1,13.8,0.441,2.4,5.8,0.419,3.7,8,0.457,5.2,6,0.864,3,4.7,0.8,0.1,21,0.74,0.631,0.574,0.579,0.432,4.9,1.6,6.5
0,2002,Tito Maddox,38,21,2002,Guard,193,190,1.015789474,25,4.4,11.2,0.391,3.6,8.4,0.427,0.8,2.8,0.286,3.9,5.5,0.703,5.8,8,1.6,0.2,13.5,5.14,0.486,0.427,0.249,0.491,0.5,1.7,2.2
0,2002,Tamar Slay,54,22.16666667,2002,Guard,203,215,0.944186047,30,6.5,14.6,0.446,3.9,8.3,0.468,2.7,6.4,0.419,3.2,4.3,0.731,5.4,2.4,1.6,0.5,18.9,1.22,0.566,0.538,0.435,0.296,2.6,0.5,3.2
12.27683616,2003,Dwyane Wade,5,21.41666667,2003,Guard,193,212,0.910377358,33,7.6,15.2,0.501,7.2,13.8,0.519,0.4,1.3,0.318,5.9,7.5,0.779,6.3,4.4,2.2,1.3,21.5,7.28,0.573,0.515,0.088,0.497,3.6,2.9,6.5
8.578991597,2003,Kirk Hinrich,7,22.41666667,2003,Guard,190,190,1,37,6.3,13.2,0.475,3.9,7.3,0.532,2.4,5.9,0.406,2.4,3.4,0.704,3.8,3.5,1.9,0.4,17.3,10.53,0.586,0.567,0.449,0.256,3.5,2.8,6.3
4.290697674,2003,T.J. Ford,8,20.25,2003,Guard,183,165,1.109090909,33,4.8,12,0.401,4.3,10,0.429,0.5,2.1,0.265,4.8,5.9,0.82,3.9,7.7,2,0.2,15,9.27,0.506,0.423,0.171,0.489,1.3,3,4.3
2.064748201,2003,Marcus Banks,13,21.58333333,2003,Guard,188,200,0.94,32,7,13.6,0.514,5.7,9.8,0.583,1.3,3.8,0.336,5.1,6.7,0.757,3.3,5.5,2.8,0.1,20.3,4.67,0.606,0.561,0.281,0.493,4.2,1.4,5.6
2.953554502,2003,Luke Ridnour,14,22.33333333,2003,Guard,188,175,1.074285714,33,6.2,14.2,0.432,3.7,7.8,0.473,2.5,6.4,0.382,4.9,5.6,0.88,3.4,6.6,1.9,0.1,19.7,6.11,0.582,0.518,0.451,0.391,3.5,1.5,5
0,2003,Reece Gaines,15,22.41666667,2003,Guard,198,205,0.965853659,32,5.5,12,0.462,3.2,6,0.534,2.3,6,0.391,4.5,6.2,0.736,2.9,5,1.7,0.1,17.9,6.84,0.602,0.56,0.501,0.514,3.5,1.9,5.5
0,2003,Troy Bell,16,22.58333333,2003,Guard,185,180,1.027777778,31,7.2,16.4,0.441,3.8,7.9,0.484,3.4,8.5,0.402,7.3,8.6,0.847,4.6,3.7,2.3,0.2,25.2,7.23,0.615,0.545,0.52,0.528,4.9,1.3,6.2
0.4,2003,Travis Hansen,37,25.16666667,2003,Guard,198,205,0.965853659,32,5.3,12,0.441,4.2,8.7,0.48,1.1,3.3,0.34,5.1,6.4,0.799,4.8,2.4,0.9,0.6,16.8,5.29,0.559,0.488,0.277,0.533,2.7,1.9,4.6
2.197938144,2003,Steve Blake,38,23.33333333,2003,Guard,190,172,1.104651163,31,3.7,8.9,0.415,1.6,3.9,0.413,2.1,5,0.416,2.2,2.7,0.819,3.7,7.1,1.6,0.2,11.6,7.56,0.572,0.531,0.56,0.302,2,2.1,4.1
0,2003,Derrick Zimmerman,40,21.5,2003,Guard,190,195,0.974358974,31,3.2,6.7,0.476,2.7,5,0.538,0.5,1.7,0.288,2,3.1,0.649,4.2,5.5,1.9,0.8,8.9,8,0.543,0.512,0.25,0.466,1.4,3.1,4.5
0.674683544,2003,Willie Green,41,21.91666667,2003,Guard,193,200,0.965,30,8.1,16.6,0.49,6.9,13.3,0.519,1.2,3.3,0.374,5.1,6.3,0.805,4.9,2.5,1.3,0.4,22.6,-0.1,0.576,0.527,0.199,0.382,3.8,2,5.8
1.64,2003,Keith Bogans,43,23.08333333,2003,Guard,196,215,0.911627907,36,5.4,11.8,0.456,3.2,6,0.528,2.2,5.8,0.383,2.7,3.6,0.738,3.8,2.7,1.2,0.1,15.7,9.33,0.579,0.551,0.492,0.306,3.2,1.9,5
6.674418605,2003,Mo Williams,47,20.5,2003,Guard,185,185,1,29,5.5,12.8,0.431,3.6,6.6,0.539,2,6.2,0.317,3.4,4,0.838,3.9,3.9,1.2,0.2,16.4,9.4,0.557,0.508,0.485,0.315,2.4,1.8,4.1
5.352777778,2004,Ben Gordon,3,21.16666667,2004,Guard,190,200,0.95,39,6.1,14.1,0.434,3.5,8,0.434,2.7,6.2,0.433,3.6,4.4,0.829,4.7,4.5,1.4,0.2,18.5,7.77,0.572,0.528,0.436,0.309,3.9,3.1,7
6.576649746,2004,Devin Harris,5,21.33333333,2004,Guard,190,185,1.027027027,32,5.9,12.9,0.459,3.6,6.6,0.54,2.3,6.3,0.373,5.3,6.8,0.792,4.3,4.4,1.8,0.1,19.5,7.49,0.606,0.55,0.488,0.524,4.8,3,7.8
0.13015873,2004,Luke Jackson,10,22.58333333,2004,Guard,201,215,0.934883721,31,6.8,13.9,0.488,4.4,8.5,0.519,2.4,5.4,0.44,5.3,6.1,0.862,7.2,4.5,1.3,0.2,21.2,6.91,0.631,0.573,0.386,0.44,4.7,0.8,5.5
2.505555556,2004,Kirk Snyder,16,21,2004,Guard,198,225,0.88,34,6.1,14.3,0.431,4.6,9.7,0.47,1.6,4.6,0.348,4.9,6.7,0.731,5.7,3.4,1,0.6,18.8,5.82,0.538,0.487,0.32,0.468,2.5,2.7,5.2
6.804255319,2004,Jameer Nelson,20,22.33333333,2004,Guard,183,190,0.963157895,32,7.3,15.4,0.475,5,9.6,0.526,2.3,5.8,0.39,3.7,4.7,0.792,4.7,5.3,2.8,0,20.6,4.97,0.584,0.549,0.379,0.302,4,2.6,6.6
4.875675676,2004,Delonte West,24,20.91666667,2004,Guard,193,180,1.072222222,32,6.6,13,0.51,4.9,8.8,0.557,1.8,4.3,0.412,3.9,4.3,0.892,5.4,4.7,1.7,0.2,18.9,4.97,0.627,0.577,0.327,0.334,4.5,2.4,7
3.249056604,2004,Tony Allen,25,22.41666667,2004,Guard,193,213,0.906103286,35,5.8,11.6,0.504,5.2,9.5,0.55,0.6,2.1,0.297,3.7,5.5,0.675,5.5,3.1,2.1,0.9,16,7.23,0.564,0.531,0.183,0.479,2.9,3.4,6.3
8.978481013,2004,Kevin Martin,26,21.33333333,2004,Guard,201,185,1.086486486,27,7.7,16.3,0.474,5.8,10.6,0.547,1.9,5.6,0.336,7.6,9.3,0.817,4.8,1.7,1.9,0.3,24.9,-3.84,0.602,0.532,0.346,0.574,4.2,1.1,5.4
0,2004,Lionel Chalmers,33,23.58333333,2004,Guard,183,180,1.016666667,37,5.5,12.3,0.449,2.8,5.6,0.498,2.7,6.7,0.409,2.8,4,0.709,3.3,3.2,1.1,0,16.6,5.84,0.586,0.561,0.544,0.326,3.8,1.7,5.6
0,2004,Andre Emmett,35,21.83333333,2004,Guard,196,230,0.852173913,34,7.6,14.5,0.526,7.2,13.2,0.543,0.5,1.3,0.356,4.9,6.6,0.73,6.6,1.8,1.3,0.3,20.6,8.21,0.583,0.543,0.091,0.457,4,2.3,6.3
0.101234568,2004,Antonio Burks,36,24.33333333,2004,Guard,185,200,0.925,30,5.9,12.4,0.474,4,7.8,0.511,1.9,4.6,0.413,2.4,3.8,0.632,3.2,5.5,2.4,0.2,16,5.96,0.566,0.551,0.372,0.307,2.6,2.5,5.1
0.611940299,2004,Royal Ivey,37,22.5,2004,Guard,190,200,0.95,33,3.4,7.5,0.448,3,6.6,0.456,0.4,0.9,0,2.3,3.7,0.626,4,4.3,1.2,0.2,9.4,8.4,0.507,0.472,0.125,0.496,0.9,2.5,3.3
4.155156951,2004,Chris Duhon,38,21.83333333,2004,Guard,185,185,1,37,3.7,8.3,0.448,2.9,5.7,0.514,0.8,2.6,0.302,1.8,2.4,0.722,4.1,6.1,2.2,0.2,10,10.86,0.527,0.495,0.312,0.292,1.4,2.9,4.3
0,2004,Luis Flores,55,23.16666667,2004,Guard,188,200,0.94,31,7.5,17.1,0.442,5.4,11.2,0.478,2.2,5.9,0.374,6.7,7.8,0.863,3.9,1.6,1.9,0.1,24,-1.25,0.578,0.507,0.344,0.456,4.2,1.9,6.1
10.20095694,2005,Deron Williams,3,21,2005,Guard,190,210,0.904761905,39,4.6,10.5,0.433,2.8,5.7,0.491,1.7,4.8,0.364,1.7,2.5,0.677,3.6,6.8,1,0.2,12.5,8.47,0.535,0.516,0.455,0.234,2.1,2.5,4.6
15.02594595,2005,Chris Paul,4,20.08333333,2005,Guard,183,175,1.045714286,32,4.5,9.9,0.451,3,6.9,0.441,1.4,3,0.474,4.9,5.8,0.834,4.5,6.6,2.4,0,15.3,10.27,0.601,0.524,0.306,0.59,2.9,1.6,4.6
5.605063291,2005,Raymond Felton,5,21,2005,Guard,185,198,0.934343434,36,4.2,9.2,0.455,2.2,4.8,0.468,1.9,4.4,0.44,2.6,3.7,0.701,4.3,6.9,2,0.3,12.9,10.66,0.589,0.561,0.482,0.406,2.7,2.5,5.1
0.848275862,2005,Rashad McCants,14,20.75,2005,Guard,193,207,0.93236715,33,5.5,11.3,0.489,3.4,6.2,0.544,2.2,5.1,0.423,2.8,3.8,0.722,3,2.7,1.3,0.7,16,10.66,0.609,0.584,0.449,0.337,3.2,1.8,5
0,2005,Julius Hodge,20,21.58333333,2005,Guard,201,210,0.957142857,34,5.8,11.8,0.493,5.4,10.1,0.53,0.4,1.6,0.255,5,7.4,0.668,6.6,4.8,1.4,0.7,17,9.16,0.555,0.51,0.138,0.633,2.8,2.3,5.1
3.991534392,2005,Nate Robinson,21,21.08333333,2005,Guard,175,180,0.972222222,35,5.4,11.6,0.463,3.6,7,0.514,1.8,4.6,0.385,3.9,5,0.782,3.9,4.3,1.7,0.2,16.4,7.66,0.587,0.539,0.397,0.429,3.1,1.9,4.9
4.033333333,2005,Jarrett Jack,22,21.66666667,2005,Guard,190,202,0.940594059,32,5.1,10,0.514,3.7,6.7,0.549,1.4,3.3,0.442,3.8,4.4,0.866,4.8,4.5,1.8,0.1,15.5,9.78,0.643,0.586,0.326,0.445,4,2.1,6.1
4.343783784,2005,Luther Head,24,22.58333333,2005,Guard,190,185,1.027027027,39,5.5,11.8,0.463,2.5,4.6,0.547,3,7.3,0.41,2,2.5,0.788,4,3.8,1.7,0.2,15.9,8.47,0.611,0.589,0.613,0.214,4.4,2.8,7.2
0.939583333,2005,Salim Stoudamire,31,22.66666667,2005,Guard,185,179,1.033519553,36,5.8,11.6,0.504,2.5,5,0.503,3.3,6.6,0.504,3.4,3.7,0.91,2.3,2.2,0.8,0.1,18.4,8.03,0.689,0.647,0.571,0.321,5.8,1,6.7
0,2005,Daniel Ewing,32,22.25,2005,Guard,190,185,1.027027027,33,5.5,12.8,0.427,3.4,6.8,0.498,2.1,6,0.347,2.2,3.2,0.692,3.2,4,2,0.4,15.3,10.04,0.532,0.508,0.469,0.252,1.9,2.3,4.1
2.844897959,2005,Travis Diener,38,23.25,2005,Guard,185,175,1.057142857,23,5.7,13.6,0.42,2.7,6.3,0.438,3,7.3,0.405,5.4,6.4,0.838,3.9,7,1.3,0,19.7,4.73,0.594,0.529,0.538,0.474,3.1,1.2,4.3
1.351648352,2005,Von Wafer,39,19.91666667,2005,Guard,196,210,0.933333333,29,4.3,9.8,0.437,2,4.1,0.492,2.2,5.7,0.396,1.7,2.3,0.721,2.5,1.7,1,0.3,12.5,8.99,0.572,0.551,0.577,0.239,2,0.5,2.5
0,2005,Bracey Wright,47,20.91666667,2005,Guard,190,210,0.904761905,26,5.8,14,0.413,3.8,8.1,0.474,1.9,5.8,0.329,4.8,6.2,0.783,4.8,2.7,1.1,0.6,18.3,10.01,0.542,0.482,0.419,0.444,2.2,1.2,3.3
0,2005,Orien Greene,53,23.33333333,2005,Guard,193,208,0.927884615,24,3.8,9.9,0.388,2.4,5.5,0.443,1.4,4.4,0.321,2.6,3.4,0.756,4.7,4.1,2.8,0.3,11.7,1.91,0.507,0.46,0.447,0.346,0.8,1.8,2.5
0,2005,Dijon Thompson,54,22.33333333,2005,Guard,201,195,1.030769231,28,6.5,13.8,0.474,5,9.7,0.517,1.5,4.1,0.374,3.8,4.9,0.787,7.9,2.3,1.5,0.3,18.4,7.09,0.573,0.53,0.298,0.352,2.7,1.4,4
0,2005,Alex Acker,60,22.41666667,2005,Guard,196,185,1.059459459,31,5.9,13.1,0.45,4,8.7,0.459,1.9,4.4,0.431,2.9,3.4,0.858,6.5,3.7,1.3,0.5,16.6,1.51,0.564,0.522,0.337,0.26,2.5,1.5,4
10.66,2006,Brandon Roy,6,21.91666667,2006,Guard,198,215,0.920930233,33,6.9,13.6,0.508,5.7,10.7,0.537,1.2,2.9,0.402,5.2,6.4,0.81,5.6,4.1,1.4,0.8,20.2,5.96,0.606,0.551,0.216,0.47,4.1,2.9,7
2.931843575,2006,Randy Foye,7,22.75,2006,Guard,193,210,0.919047619,33,6.8,16.7,0.411,4.2,9,0.463,2.7,7.7,0.35,4.1,5.2,0.791,5.8,3,1.4,0.6,20.5,9.23,0.536,0.492,0.462,0.313,2.6,3.1,5.7
5.32,2006,J.J. Redick,11,22,2006,Guard,193,190,1.015789474,36,8.4,17.9,0.47,4.5,8.7,0.521,3.9,9.2,0.421,6.1,7.1,0.863,2,2.6,1.4,0.1,26.8,8.77,0.63,0.578,0.513,0.398,6.7,1,7.8
5.2,2006,Ronnie Brewer,14,21.25,2006,Guard,201,220,0.913636364,32,6.2,14,0.441,4.6,9.3,0.493,1.6,4.7,0.338,4.5,6,0.75,4.8,3.3,2.6,0.5,18.4,6.17,0.547,0.498,0.338,0.43,2.6,2.7,5.3
0,2006,Quincy Douby,19,22.08333333,2006,Guard,190,175,1.085714286,33,8.7,18.8,0.462,5.2,10.1,0.515,3.5,8.8,0.401,4.5,5.3,0.847,4.3,3.1,1.8,0.8,25.4,5.16,0.595,0.556,0.465,0.283,5.5,2.4,7.8
7.581132075,2006,Rajon Rondo,21,20.33333333,2006,Guard,185,171,1.081871345,34,4.3,9,0.482,3.8,7,0.54,0.5,1.9,0.273,2,3.5,0.571,6.1,4.9,2,0.1,11.2,8.88,0.526,0.511,0.216,0.39,1.4,2.6,4
0,2006,Marcus Williams,22,20.5,2006,Guard,190,205,0.926829268,23,3.6,8.9,0.407,2.6,6.3,0.41,1,2.6,0.4,4.1,4.7,0.862,3.9,8.6,0.9,0.2,12.3,6.57,0.555,0.466,0.294,0.534,1.4,1.7,3.1
7.552631579,2006,Kyle Lowry,24,20.25,2006,Guard,183,175,1.045714286,33,3.5,7.6,0.466,3.3,7.1,0.468,0.2,0.5,0,3.7,4.7,0.786,4.3,3.7,2.3,0.2,11,9.23,0.56,0.482,0.072,0.614,1.9,3.1,4.9
2.978475336,2006,Shannon Brown,25,20.58333333,2006,Guard,193,205,0.941463415,34,5.9,12.7,0.467,4.1,7.9,0.513,1.9,4.8,0.39,3.4,4.1,0.83,4.4,2.7,1.5,0.1,17.2,7.27,0.585,0.54,0.379,0.326,3.3,1.2,4.5
2.708928571,2006,Jordan Farmar,26,19.58333333,2006,Guard,188,180,1.044444444,37,4.6,11.4,0.41,2.9,6.2,0.472,1.7,5.1,0.333,2.5,3.4,0.717,2.6,5.1,1.1,0.2,13.5,8.27,0.518,0.485,0.45,0.302,1.7,2.2,3.9
0,2006,Maurice Ager,28,22.33333333,2006,Guard,196,202,0.97029703,34,6.6,14.6,0.457,4.2,8.1,0.522,2.4,6.5,0.376,3.6,4.7,0.761,4.1,2.5,0.7,0.3,19.3,7.27,0.575,0.54,0.446,0.321,3.5,1,4.5
-0.540659341,2006,Mardy Collins,29,21.83333333,2006,Guard,198,220,0.9,32,6.3,14.6,0.432,5,10.3,0.483,1.3,4.3,0.307,2.8,4.7,0.596,4.7,4,2.8,0.2,16.8,5.19,0.497,0.476,0.293,0.323,1.2,3.6,4.8
0,2006,David Noel,39,22.33333333,2006,Guard,198,230,0.860869565,31,5.1,9.6,0.532,3.8,6.6,0.58,1.3,3,0.424,1.5,2.3,0.625,6.8,3.5,1.1,0.7,12.9,7.77,0.604,0.598,0.31,0.242,2.5,2.1,4.6
1.883783784,2006,Daniel Gibson,42,20.33333333,2006,Guard,188,190,0.989473684,37,4.4,10.9,0.405,1.7,3.7,0.456,2.7,7.2,0.38,1.9,2.6,0.726,3.6,3.1,1.3,0.3,13.4,6.99,0.555,0.531,0.662,0.236,2.4,2.6,5
0,2006,Dee Brown,46,21.83333333,2006,Guard,183,185,0.989189189,33,4.8,13.2,0.359,2.4,5.9,0.407,2.4,7.4,0.321,2.4,3.1,0.757,3.1,5.8,1.6,0,14.2,6.29,0.484,0.449,0.556,0.236,0.7,2.7,3.4
0,2006,Guillermo Diaz,52,21.25,2006,Guard,188,192,0.979166667,34,5.7,13.7,0.415,3.4,7.4,0.458,2.3,6.3,0.364,3.5,4.5,0.789,2.9,2.9,1.1,0.2,17.2,7,0.543,0.499,0.458,0.325,2.6,1.4,4
0,2006,Hassan Adams,54,22,2006,Guard,193,220,0.877272727,31,7.5,15.8,0.478,7,13.7,0.511,0.5,2.1,0.262,1.9,3.1,0.611,5,2.9,2.6,0.5,17.5,10.09,0.507,0.495,0.133,0.194,1.2,2.6,3.9
0,2006,Will Blalock,60,22.75,2006,Guard,183,205,0.892682927,30,5.9,13.2,0.447,4.3,9.3,0.468,1.6,3.9,0.398,2,3,0.659,3.3,6.1,2.2,0.1,15.4,7.3,0.525,0.506,0.298,0.23,1.5,1.4,2.9
9.344186047,2007,Mike Conley,4,19.66666667,2007,Guard,185,180,1.027777778,39,4.1,7.9,0.518,3.6,6.2,0.579,0.5,1.8,0.304,2.6,3.7,0.694,3.4,6.1,2.2,0.3,11.3,9.03,0.584,0.552,0.223,0.466,2.7,3.4,6.1
1.056060606,2007,Acie Law,11,22.41666667,2007,Guard,190,195,0.974358974,34,6.4,12.7,0.5,5.2,10.3,0.51,1.1,2.4,0.458,4.2,5.4,0.778,3.3,5,1.1,0,18.1,5.12,0.591,0.544,0.192,0.428,3.8,2.1,5.9
1.676444444,2007,Al Thornton,14,23.5,2007,Guard,203,220,0.922727273,35,7,13.1,0.53,5.9,10.8,0.549,1,2.3,0.444,4.7,6,0.79,7.2,0.7,1.5,1.1,19.7,8.63,0.616,0.57,0.176,0.457,4.5,2.1,6.6
4.895522388,2007,Rodney Stuckey,15,21.16666667,2007,Guard,196,205,0.956097561,29,7.8,17.3,0.453,6.3,11.7,0.541,1.5,5.6,0.267,7.4,8.8,0.846,4.7,5.5,2.4,0.3,24.6,-2.94,0.573,0.496,0.321,0.507,3.1,0.5,3.6
0,2007,Javaris Crittenton,19,19.5,2007,Guard,196,200,0.98,32,4.9,11,0.45,3.8,7.8,0.488,1.1,3.2,0.356,3.4,4.3,0.783,3.7,5.8,2,0.1,14.4,9.36,0.552,0.501,0.288,0.393,2,1.7,3.6
1.083018868,2007,Daequan Cook,21,20.16666667,2007,Guard,196,205,0.956097561,39,3.6,8.1,0.445,2.2,4.8,0.465,1.4,3.3,0.415,1.2,1.7,0.697,4.3,1,0.7,0.3,9.8,9.03,0.548,0.53,0.41,0.208,1.6,1.9,3.5
0,2007,Morris Almond,25,22.33333333,2007,Guard,198,225,0.88,32,8.2,17,0.483,5.8,11.7,0.496,2.4,5.3,0.456,7.5,8.9,0.846,6.6,1.2,1.2,0.8,26.4,1.43,0.621,0.554,0.311,0.524,5.9,1.2,7.1
3.784615385,2007,Aaron Brooks,26,22.41666667,2007,Guard,183,161,1.136645963,35,6.1,13.2,0.46,3.8,7.6,0.502,2.3,5.7,0.404,3.3,3.9,0.846,4.3,4.3,1.4,0.2,17.7,6.3,0.589,0.546,0.428,0.294,3.6,2.2,5.7
6.082629108,2007,Arron Afflalo,27,21.66666667,2007,Guard,196,215,0.911627907,36,5.8,12.7,0.461,3.4,6.2,0.549,2.4,6.4,0.375,2.8,3.5,0.802,2.8,1.9,0.6,0.2,16.9,9.84,0.589,0.556,0.509,0.276,3.9,1.7,5.5
0,2007,Alando Tucker,29,23.33333333,2007,Guard,198,205,0.965853659,36,7.1,15.1,0.47,6,11.7,0.512,1.1,3.4,0.325,4.6,6.9,0.659,5.4,2,0.9,0.3,19.9,6.95,0.54,0.506,0.226,0.457,2.9,3.1,5.9
0,2007,Gabe Pruitt,32,21.16666667,2007,Guard,193,170,1.135294118,26,4,9.6,0.416,2.2,4.3,0.496,1.8,5.3,0.35,2.6,3.3,0.8,2.8,4.3,1.8,0.3,12.5,7.87,0.558,0.512,0.548,0.34,1.6,1.5,3
0,2007,Derrick Byars,42,23.16666667,2007,Guard,201,220,0.913636364,34,6.1,13.3,0.457,3.7,7,0.531,2.3,6.2,0.373,2.5,3.6,0.711,4.9,3.4,1.4,0.1,17,7.79,0.567,0.544,0.47,0.268,2.7,1.4,4.2
1.080239521,2007,Dominic McGuire,47,21.66666667,2007,Guard,206,220,0.936363636,32,4.8,10.2,0.471,4.2,8.1,0.516,0.6,2.1,0.299,3.3,5.7,0.586,9.8,3.3,0.9,3.6,13.5,-0.14,0.526,0.502,0.206,0.557,1.4,4.4,5.8
0,2007,JamesOn Curry,51,21.41666667,2007,Guard,190,190,1,35,5.8,12.8,0.452,3.3,6.7,0.489,2.5,6.1,0.411,3.3,4.1,0.793,3.2,3.7,1.2,0.3,17.3,6.34,0.588,0.55,0.479,0.324,3.4,1.2,4.6
0,2007,Taurean Green,52,20.58333333,2007,Guard,183,177,1.033898305,40,3.9,8.7,0.444,1.8,3.6,0.497,2.1,5.1,0.406,3.5,4.2,0.849,2.4,3.7,1.1,0,13.3,7.33,0.623,0.562,0.582,0.478,3.8,1.6,5.3
4.378640777,2007,Ramon Sessions,56,21.16666667,2007,Guard,190,190,1,34,4.1,9.1,0.452,3.6,7.6,0.465,0.6,1.5,0.38,3.5,4.2,0.825,4.7,4.7,0.9,0.2,12.3,1.09,0.552,0.482,0.161,0.461,1.8,1.6,3.4
0,2007,D.J. Strawberry,59,22,2007,Guard,196,201,0.975124378,34,5.4,11.4,0.477,4.4,8.4,0.525,1,3,0.343,3,4.4,0.685,4.4,3.5,2,0.4,14.9,7.59,0.553,0.522,0.264,0.386,2.1,2.5,4.6
1.344262295,2008,Derrick Rose,1,19.66666667,2008,Guard,190,190,1,40,5.2,10.9,0.477,4.3,8.3,0.521,0.9,2.6,0.337,3.7,5.1,0.712,4.5,4.7,1.2,0.4,14.9,5.76,0.56,0.517,0.239,0.47,2.8,3.8,6.6
3.198,2008,O.J. Mayo,3,20.58333333,2008,Guard,193,210,0.919047619,33,7.2,16.2,0.442,4.5,9.7,0.464,2.7,6.5,0.409,3.7,4.6,0.803,4.5,3.3,1.5,0.4,20.7,8.59,0.562,0.524,0.401,0.284,3.4,1.8,5.2
11.52205128,2008,Russell Westbrook,4,19.58333333,2008,Guard,190,187,1.016042781,39,4.7,10,0.465,4,8.1,0.497,0.7,2,0.338,2.7,3.8,0.713,3.9,4.3,1.6,0.2,12.7,7.71,0.538,0.499,0.197,0.384,2,3.3,5.3
3.191616766,2008,Eric Gordon,7,19.5,2008,Guard,190,222,0.855855856,32,5.8,13.3,0.433,3.6,6.8,0.525,2.2,6.5,0.337,7.2,8.7,0.834,3.3,2.4,1.3,0.6,20.9,6.08,0.601,0.515,0.489,0.652,4.2,1.8,6
0,2008,Joe Alexander,8,21.5,2008,Guard,203,230,0.882608696,36,6.1,13.2,0.462,5.8,12,0.48,0.3,1.1,0.268,4.4,5.4,0.814,6.4,2.4,0.7,1.5,16.9,7.16,0.536,0.474,0.086,0.409,2.2,3.9,6.1
3.994871795,2008,D.J. Augustin,9,20.58333333,2008,Guard,183,180,1.016666667,38,6.4,14.5,0.439,4.4,9.4,0.471,1.9,5.1,0.381,4.6,5.8,0.783,2.9,5.8,1.2,0,19.2,8.59,0.557,0.506,0.352,0.401,3.4,2.6,6
3.151091703,2008,Jerryd Bayless,11,19.83333333,2008,Guard,190,200,0.95,30,5.8,12.6,0.458,3.8,7.8,0.489,2,4.8,0.407,6.2,7.4,0.839,2.7,4,1,0.1,19.7,10.22,0.612,0.536,0.384,0.59,4,0.8,4.8
3.295327103,2008,Brandon Rush,13,22.91666667,2008,Guard,198,210,0.942857143,38,4.7,10.9,0.435,2.6,5.9,0.448,2.1,5,0.419,1.8,2.3,0.779,5.1,2.1,0.8,0.8,13.3,8.2,0.557,0.531,0.461,0.208,2.3,2.8,5.1
3.514285714,2008,Courtney Lee,22,22.66666667,2008,Guard,196,200,0.98,36,7.2,15.1,0.477,5.3,10.3,0.515,1.9,4.8,0.397,4.1,5,0.822,4.9,2.1,1.8,0.8,20.4,0.24,0.585,0.541,0.32,0.331,4,2.9,6.9
8.037623762,2008,George Hill,26,22.08333333,2008,Guard,188,180,1.044444444,32,6.9,12.6,0.545,5.3,9.2,0.58,1.5,3.4,0.45,6.2,7.7,0.812,6.8,4.3,1.8,0.4,21.5,-2.41,0.661,0.605,0.27,0.606,5.7,2.1,7.8
0,2008,J.R. Giddens,30,23.33333333,2008,Guard,196,215,0.911627907,33,6.4,12.3,0.516,5.6,10.1,0.557,0.8,2.3,0.333,2.8,4.8,0.586,8.8,3.1,1.4,1.2,16.3,1.72,0.558,0.547,0.184,0.386,2.5,4.7,7.2
4.818957346,2008,Mario Chalmers,34,22.08333333,2008,Guard,185,190,0.973684211,39,4.2,8.2,0.516,2.3,4.2,0.562,1.9,4,0.468,2.5,3.3,0.746,3.1,4.3,2.5,0.6,12.8,8.2,0.656,0.631,0.491,0.409,4.1,3.4,7.5
0,2008,Kyle Weaver,38,22.33333333,2008,Guard,198,201,0.985074627,35,3.9,8.5,0.463,3.3,6.6,0.491,0.7,1.9,0.364,3.6,4.9,0.733,5.3,4.3,1.7,0.7,12.2,6.35,0.561,0.503,0.221,0.577,2.4,3.6,6
2.788,2008,Chris Douglas-Roberts,40,21.41666667,2008,Guard,201,200,1.005,40,6.5,12,0.541,5.4,9.3,0.578,1.1,2.7,0.413,4,5.7,0.712,4.1,1.8,1.2,0.5,18.1,5.76,0.617,0.588,0.228,0.472,4.9,3.2,8.1
0,2008,Sean Singletary,42,22.75,2008,Guard,183,185,0.989189189,33,6.2,14.4,0.426,4.4,9.6,0.456,1.8,4.8,0.367,5.7,6.7,0.851,3.8,6.1,1.8,0,19.8,5.63,0.562,0.487,0.332,0.466,3,1.7,4.6
0,2008,Malik Hairston,48,21.33333333,2008,Guard,198,220,0.9,31,5.7,10.8,0.525,4,6.9,0.577,1.7,3.9,0.433,3.3,4.5,0.732,4.8,2.1,0.6,0.8,16.3,7.65,0.63,0.603,0.358,0.412,3.5,1,4.5
0,2008,Mike Taylor,55,22.41666667,2008,Guard,188,165,1.139393939,31,5.3,14.2,0.376,2.8,7.3,0.391,2.5,6.9,0.36,2.8,4.2,0.682,4.1,4.5,1.1,0.1,16,5.19,0.495,0.464,0.487,0.294,0.9,1.6,2.5
0,2008,Joe Crawford,58,22,2008,Guard,196,210,0.933333333,30,6.3,13.4,0.469,4.2,7.6,0.548,2.1,5.8,0.364,3.3,4.3,0.762,3.6,2.1,0.6,0.2,17.9,7.09,0.581,0.547,0.431,0.324,3.1,0.6,3.7
14.76694915,2009,James Harden,3,19.83333333,2009,Guard,196,218,0.899082569,35,6.3,12.9,0.489,4.7,8.3,0.564,1.7,4.7,0.356,5.8,7.7,0.756,5.6,4.2,1.7,0.3,20.1,7.82,0.607,0.553,0.361,0.597,5.1,2,7.2
4.239772727,2009,Tyreke Evans,4,19.75,2009,Guard,198,219,0.904109589,37,6.2,13.6,0.455,5.3,10.3,0.514,0.9,3.4,0.274,3.7,5.2,0.711,5.4,3.9,2.1,0.8,17.1,4.63,0.529,0.489,0.246,0.384,2.4,4.8,7.2
0,2009,Jonny Flynn,6,20.33333333,2009,Guard,183,185,0.989189189,38,5.8,12.5,0.46,4.6,8.8,0.521,1.2,3.7,0.317,4.7,6,0.786,2.7,6.7,1.4,0.2,17.4,9.48,0.567,0.507,0.298,0.481,3.3,1.5,4.9
14.00254237,2009,Stephen Curry,7,21.25,2009,Guard,190,185,1.027027027,34,9.2,20.2,0.454,5.4,10.3,0.519,3.8,9.9,0.387,6.5,7.4,0.876,4.4,5.6,2.5,0.2,28.6,-3.33,0.604,0.549,0.489,0.365,6.4,3.6,9.9
3.239,2009,Gerald Henderson,12,21.5,2009,Guard,196,215,0.911627907,37,5.8,12.8,0.45,4.6,9.5,0.49,1.1,3.3,0.336,3.9,5.1,0.761,4.9,2.5,1.2,0.8,16.5,9.07,0.542,0.494,0.258,0.397,2.5,3,5.5
5.053488372,2009,Jrue Holiday,17,19,2009,Guard,190,180,1.055555556,35,3.2,7.1,0.45,2.4,4.6,0.528,0.8,2.5,0.307,1.3,1.8,0.726,3.8,3.7,1.6,0.5,8.5,7.18,0.532,0.504,0.353,0.249,1.2,2.1,3.3
8.618367347,2009,Ty Lawson,18,21.58333333,2009,Guard,180,195,0.923076923,35,5.2,9.8,0.532,3.7,6.7,0.56,1.5,3.1,0.472,4.7,5.9,0.798,3,6.6,2.1,0.1,16.6,8.35,0.659,0.607,0.316,0.608,4.4,2.5,6.9
6.715517241,2009,Jeff Teague,19,21,2009,Guard,188,180,1.044444444,31,5.8,12,0.485,4.4,8.7,0.502,1.5,3.3,0.441,5.8,7.1,0.817,3.3,3.5,1.9,0.6,18.8,7.36,0.615,0.546,0.275,0.59,3.8,1.8,5.6
-0.078846154,2009,Eric Maynor,20,22,2009,Guard,188,175,1.074285714,34,7.3,15.8,0.463,5.4,10.4,0.516,1.9,5.4,0.361,5.8,7.1,0.815,3.6,6.2,1.7,0.2,22.4,-0.65,0.583,0.524,0.341,0.453,4.7,2.2,6.9
5.676923077,2009,Darren Collison,21,21.83333333,2009,Guard,185,160,1.15625,35,5,9.8,0.509,3.8,6.9,0.558,1.2,3,0.394,3.2,3.6,0.897,2.4,4.7,1.6,0.1,14.4,7.18,0.624,0.568,0.302,0.366,3.8,1.6,5.4
2.214942529,2009,Wayne Ellington,28,21.58333333,2009,Guard,193,200,0.965,38,5.7,11.7,0.483,3.4,6.3,0.539,2.2,5.4,0.417,2.3,2.9,0.777,4.9,2.7,0.9,0.2,15.8,8.35,0.604,0.579,0.458,0.252,3.5,2,5.5
2.589473684,2009,Toney Douglas,29,23.25,2009,Guard,185,205,0.902439024,35,6.8,15.3,0.446,4.4,9,0.489,2.4,6.3,0.385,5.4,6.6,0.81,3.9,2.9,1.8,0.4,21.5,7.91,0.581,0.525,0.412,0.433,4.6,1.7,6.3
0,2009,Jermaine Taylor,32,22.5,2009,Guard,193,205,0.941463415,31,9.4,19.5,0.48,6.4,11.6,0.551,3,7.9,0.376,4.5,5.5,0.812,5.2,1.9,1.3,0.8,26.2,1.26,0.591,0.556,0.404,0.281,4.9,1.4,6.2
4.304072398,2009,Jodie Meeks,41,21.83333333,2009,Guard,196,208,0.942307692,36,7.3,15.8,0.463,4.1,7.8,0.521,3.3,8,0.406,5.9,6.5,0.902,3.4,1.8,1.3,0.1,23.7,4.82,0.629,0.566,0.507,0.412,6.3,1.1,7.4
5.305882353,2009,Patrick Beverley,42,20.91666667,2009,Guard,185,180,1.027777778,35,3.9,9.4,0.412,2,4.5,0.449,1.9,4.9,0.378,2.4,3.8,0.644,6.6,2.4,1.3,0.5,12.1,6.73,0.537,0.511,0.521,0.4,1.5,2.1,3.6
3.784615385,2009,Marcus Thornton,43,22,2009,Guard,193,205,0.941463415,35,7.3,15.5,0.472,5.1,9.7,0.522,2.2,5.7,0.388,4.3,5.7,0.745,5.5,2.1,1.6,0.4,21.1,3.27,0.58,0.544,0.371,0.369,4.2,2.4,6.6
1.652713178,2009,Nick Calathes,45,20.33333333,2009,Guard,198,194,1.020618557,36,5.7,11.8,0.482,3.7,6.6,0.555,2,5.2,0.39,3.8,5.3,0.707,5.3,6.4,1.9,0.2,17.2,3.88,0.599,0.568,0.44,0.449,4,2.4,6.4
1.737748344,2009,A.J. Price,52,22.66666667,2009,Guard,188,181,1.038674033,35,4.9,11.9,0.408,2.5,6.1,0.413,2.3,5.8,0.402,2.7,3.7,0.721,3.5,4.7,0.7,0,14.7,8.57,0.538,0.506,0.489,0.309,2.1,1.9,4
3.668421053,2009,Patrick Mills,55,20.83333333,2009,Guard,183,180,1.016666667,26,6.3,15.6,0.402,3.7,8,0.464,2.6,7.6,0.338,3.3,3.8,0.859,2.4,3.9,2.2,0.2,18.4,1.49,0.529,0.485,0.489,0.244,1.8,1.9,3.6
0,2009,Lester Hudson,58,24.83333333,2009,Guard,190,190,1,32,9.8,21.8,0.449,6.5,12.4,0.52,3.3,9.3,0.355,4.6,5.3,0.881,7.9,4.2,2.3,0.6,27.5,-4.9,0.566,0.525,0.429,0.241,4.3,3.3,7.6
7.814529915,2010,John Wall,1,19.75,2010,Guard,193,195,0.98974359,37,5.5,11.8,0.461,4.5,8.8,0.509,1,3.1,0.325,4.7,6.3,0.754,4.3,6.5,1.8,0.5,16.6,6.82,0.562,0.503,0.26,0.53,3.7,2.6,6.3
2.008163265,2010,Evan Turner,2,21.66666667,2010,Guard,201,210,0.957142857,31,7.6,14.7,0.519,7,13,0.54,0.6,1.8,0.364,4.5,5.9,0.754,9.2,6,1.7,0.9,20.4,7.37,0.581,0.54,0.12,0.4,4,2.8,6.8
0,2010,Xavier Henry,12,19.25,2010,Guard,198,220,0.9,36,4.5,9.8,0.458,2.6,5.3,0.492,1.9,4.6,0.418,2.5,3.2,0.783,4.4,1.5,1.5,0.5,13.4,8.25,0.591,0.555,0.466,0.325,2.8,2.1,4.9
7.19483871,2010,Eric Bledsoe,18,20.5,2010,Guard,185,190,0.973684211,37,3.9,8.4,0.462,2.6,5,0.516,1.3,3.5,0.383,2.2,3.3,0.667,3.1,2.9,1.4,0.3,11.3,6.82,0.566,0.54,0.41,0.394,1.5,2.1,3.5
4.1,2010,Avery Bradley,19,19.58333333,2010,Guard,188,180,1.044444444,34,4.7,10.8,0.432,3.4,7.5,0.457,1.2,3.3,0.375,1.1,1.9,0.545,2.9,2.1,1.3,0.5,11.6,7.38,0.496,0.489,0.304,0.179,1.6,1.6,3.2
1.001526718,2010,James Anderson,20,21.25,2010,Guard,198,210,0.942857143,33,6.8,15,0.457,4.6,8.4,0.549,2.2,6.6,0.341,6.3,7.8,0.81,5.8,2.4,1.4,0.6,22.3,6.97,0.596,0.532,0.439,0.522,5.2,1.7,6.9
0.385882353,2010,Elliot Williams,22,21,2010,Guard,193,180,1.072222222,34,5.2,11.4,0.459,3.5,6.6,0.527,1.8,4.8,0.366,5.7,7.5,0.758,4,3.8,1.3,0.1,17.9,3.65,0.599,0.536,0.423,0.66,4.1,1.5,5.6
0,2010,Dominique Jones,25,21.66666667,2010,Guard,193,205,0.941463415,33,6.7,14.9,0.45,5.2,9.9,0.521,1.6,5.1,0.311,6.3,8.5,0.741,6.1,3.6,1.7,0.6,21.4,7.21,0.562,0.503,0.339,0.572,4.3,1.9,6.2
2.552317881,2010,Jordan Crawford,27,21.66666667,2010,Guard,193,195,0.98974359,35,7.4,16.1,0.462,5.2,10.3,0.501,2.3,5.8,0.391,3.4,4.4,0.773,4.7,2.9,1.3,0.2,20.5,5.94,0.564,0.532,0.359,0.274,4.1,1.8,5.9
2.528971963,2010,Greivis Vasquez,28,23.41666667,2010,Guard,198,200,0.99,33,6.7,15.5,0.429,4.6,9.7,0.47,2.1,5.8,0.359,4.2,4.9,0.857,4.6,6.3,1.7,0.4,19.6,7.95,0.549,0.496,0.374,0.314,4,1.9,5.8
0,2010,Armon Johnson,34,21.33333333,2010,Guard,190,195,0.974358974,34,6.4,13,0.495,5.9,10.9,0.544,0.5,2.1,0.239,2.4,3.5,0.678,3.4,5.6,0.8,0.4,15.7,2.56,0.537,0.515,0.161,0.267,2.5,0.5,3
0,2010,Andy Rautins,38,23.58333333,2010,Guard,196,195,1.005128205,35,3.7,8.5,0.438,0.9,1.6,0.571,2.8,6.9,0.407,1.9,2.3,0.815,3.4,4.9,2,0.2,12.1,7.21,0.632,0.603,0.811,0.273,2.9,2.1,4.9
1.379439252,2010,Landry Fields,39,22,2010,Guard,201,215,0.934883721,32,7.8,15.8,0.49,6.8,13.1,0.521,0.9,2.7,0.337,5.6,8,0.696,8.8,2.8,1.6,0.8,22,6.5,0.56,0.519,0.17,0.508,4.2,1.8,6
0,2010,Willie Warren,54,20.66666667,2010,Guard,193,199,0.969849246,21,5,11.5,0.438,3.6,6.9,0.524,1.4,4.6,0.309,4.8,6,0.795,3.3,4.1,1,0,16.3,7.79,0.567,0.5,0.401,0.525,1.4,0.2,1.7
